id,company,role,category,subcategory,status,work_mode,location,country,pay,visa_sponsorship,citizenship_required,deadline,posted,apply_url,graduation_years,degree_levels,languages,season,year
accenture-summer-intern-2027,Accenture,Summer Intern,consulting,,unverified,onsite,"Chicago, IL",USA,—,unknown,false,,,https://www.accenture.com/us-en/careers,,,,summer,2027
adobe-software-engineering-intern-2027,Adobe,Software Engineering Intern,software-engineering,,unverified,onsite,"San Jose, CA",USA,—,unknown,false,,,https://careers.adobe.com/us/en/university,,,,summer,2027
airbnb-software-engineering-intern-2027,Airbnb,Software Engineering Intern,software-engineering,,unverified,onsite,"San Francisco, CA",USA,—,unknown,false,,,https://careers.airbnb.com/,,,,summer,2027
akuna-capital-quantitative-trading-research-intern-2027,Akuna Capital,Quantitative Trading / Research Intern,quant,,unverified,onsite,"Chicago, IL",USA,—,unknown,false,,,https://akunacapital.com/careers,,,,summer,2027
amazon-software-engineering-intern-2027,Amazon,Software Engineering Intern,software-engineering,,unverified,onsite,"Seattle, WA",USA,—,unknown,false,,,https://www.amazon.jobs/en/teams/internships-for-students,,,,summer,2027
amd-hardware-engineering-intern-2027,AMD,Hardware Engineering Intern,hardware,,unverified,onsite,"Santa Clara, CA",USA,—,unknown,false,,,https://careers.amd.com/,,,,summer,2027
american-express-software-engineering-intern-2027,American Express,Software Engineering Intern,software-engineering,,unverified,onsite,"New York, NY",USA,—,unknown,false,,,https://www.americanexpress.com/en-us/careers/,,,,summer,2027
analog-devices-hardware-engineering-intern-2027,Analog Devices,Hardware Engineering Intern,hardware,,unverified,onsite,"Wilmington, MA",USA,—,unknown,false,,,https://www.analog.com/en/about-adi/careers.html,,,,summer,2027
anduril-embedded-software-intern-2027,Anduril,Embedded Software Intern,embedded,,unverified,onsite,"Costa Mesa, CA",USA,—,unknown,false,,,https://www.anduril.com/careers/,,,,summer,2027
anthropic-research-engineering-intern-2027,Anthropic,Research / Engineering Intern,research,,unverified,onsite,"San Francisco, CA",USA,—,unknown,false,,,https://www.anthropic.com/careers,,,,summer,2027
apple-software-engineering-intern-2027,Apple,Software Engineering Intern,software-engineering,,unverified,onsite,"Cupertino, CA",USA,—,unknown,false,,,https://www.apple.com/careers/us/students.html,,,,summer,2027
arm-hardware-engineering-intern-2027,Arm,Hardware Engineering Intern,hardware,,unverified,onsite,"Austin, TX",USA,—,unknown,false,,,https://careers.arm.com/,,,,summer,2027
asml-hardware-engineering-intern-2027,ASML,Hardware Engineering Intern,hardware,,unverified,onsite,"Wilton, CT",USA,—,unknown,false,,,https://www.asml.com/en/careers,,,,summer,2027
atlassian-software-engineering-intern-2027,Atlassian,Software Engineering Intern,software-engineering,,unverified,onsite,"San Francisco, CA",USA,—,unknown,false,,,https://www.atlassian.com/company/careers/students,,,,summer,2027
bain-company-associate-consultant-intern-2027,Bain & Company,Associate Consultant Intern,consulting,,unverified,onsite,"Boston, MA",USA,—,unknown,false,,,https://www.bain.com/careers/,,,,summer,2027
bank-of-america-global-technology-summer-analyst-2027,Bank of America,Global Technology Summer Analyst,finance,,unverified,onsite,"Charlotte, NC",USA,—,unknown,false,,,https://careers.bankofamerica.com/en-us/students,,,,summer,2027
blackrock-summer-analyst-aladdin-engineering-2027,BlackRock,Summer Analyst (Aladdin Engineering),finance,,unverified,onsite,"New York, NY",USA,—,unknown,false,,,https://careers.blackrock.com/,,,,summer,2027
block-software-engineering-intern-2027,Block,Software Engineering Intern,software-engineering,,unverified,onsite,"Oakland, CA",USA,—,unknown,false,,,https://block.xyz/careers,,,,summer,2027
bloomberg-software-engineering-intern-2027,Bloomberg,Software Engineering Intern,software-engineering,,unverified,onsite,"New York, NY",USA,—,unknown,false,,,https://www.bloomberg.com/careers,,,,summer,2027
blue-origin-embedded-software-intern-2027,Blue Origin,Embedded Software Intern,embedded,,unverified,onsite,"Kent, WA",USA,—,unknown,false,,,https://www.blueorigin.com/careers,,,,summer,2027
boeing-embedded-software-intern-2027,Boeing,Embedded Software Intern,embedded,,unverified,onsite,"Arlington, VA",USA,—,unknown,false,,,https://jobs.boeing.com/,,,,summer,2027
boston-consulting-group-summer-associate-2027,Boston Consulting Group,Summer Associate,consulting,,unverified,onsite,"Boston, MA",USA,—,unknown,false,,,https://careers.bcg.com/,,,,summer,2027
capital-one-data-science-intern-2027,Capital One,Data Science Intern,data-science,,unverified,hybrid,"McLean, VA",USA,—,no,false,,,https://www.capitalonecareers.com/students-and-grads,,junior;senior;masters,Python;SQL;R,summer,2027
cisco-software-engineering-intern-2027,Cisco,Software Engineering Intern,software-engineering,,unverified,onsite,"San Jose, CA",USA,—,unknown,false,,,https://jobs.cisco.com/,,,,summer,2027
citadel-software-engineering-intern-2027,Citadel,Software Engineering Intern,software-engineering,trading-systems,unverified,onsite,"Chicago, IL +1",USA,$95–120/hr,yes,false,,,https://www.citadel.com/careers/open-opportunities/students/,,junior;senior;masters,C++;Python,summer,2027
citadel-securities-quantitative-trading-research-intern-2027,Citadel Securities,Quantitative Trading / Research Intern,quant,,unverified,onsite,"Miami, FL",USA,—,unknown,false,,,https://www.citadelsecurities.com/careers/,,,,summer,2027
cloudflare-security-engineering-intern-2027,Cloudflare,Security Engineering Intern,security,,unverified,remote,Remote,,—,case-by-case,false,,,https://www.cloudflare.com/careers/early-talent/,,sophomore;junior;senior,Go;Rust;Python,summer,2027
cohere-machine-learning-intern-2027,Cohere,Machine Learning Intern,machine-learning,,unverified,onsite,"Toronto, ON",Canada,—,unknown,false,,,https://cohere.com/careers,,,,summer,2027
coinbase-software-engineering-intern-2027,Coinbase,Software Engineering Intern,software-engineering,,unverified,onsite,"San Francisco, CA",USA,—,unknown,false,,,https://www.coinbase.com/careers,,,,summer,2027
d-e-shaw-quantitative-trading-research-intern-2027,D. E. Shaw,Quantitative Trading / Research Intern,quant,,unverified,onsite,"New York, NY",USA,—,unknown,false,,,https://www.deshaw.com/careers,,,,summer,2027
databricks-data-engineering-intern-2027,Databricks,Software Engineering Intern — Data Platform,data-engineering,,unverified,onsite,"San Francisco, CA",USA,—,yes,false,,,https://www.databricks.com/company/careers/university-recruiting,,junior;senior;masters,Scala;Java;Python,summer,2027
datadog-cloud-infrastructure-intern-2027,Datadog,Cloud / Infrastructure Intern,cloud,,unverified,onsite,"New York, NY",USA,—,unknown,false,,,https://careers.datadoghq.com/,,,,summer,2027
discord-software-engineering-intern-2027,Discord,Software Engineering Intern,software-engineering,,unverified,onsite,"San Francisco, CA",USA,—,unknown,false,,,https://discord.com/careers,,,,summer,2027
doordash-software-engineering-intern-2027,DoorDash,Software Engineering Intern,software-engineering,,unverified,onsite,"San Francisco, CA",USA,—,unknown,false,,,https://careersatdoordash.com/,,,,summer,2027
dropbox-software-engineering-intern-2027,Dropbox,Software Engineering Intern,software-engineering,,unverified,onsite,"San Francisco, CA",USA,—,unknown,false,,,https://jobs.dropbox.com/,,,,summer,2027
drw-quantitative-trading-research-intern-2027,DRW,Quantitative Trading / Research Intern,quant,,unverified,onsite,"Chicago, IL",USA,—,unknown,false,,,https://www.drw.com/work-at-drw,,,,summer,2027
duolingo-software-engineering-intern-2027,Duolingo,Software Engineering Intern,software-engineering,,unverified,onsite,"Pittsburgh, PA",USA,—,unknown,false,,,https://careers.duolingo.com/,,,,summer,2027
epic-systems-software-engineering-intern-2027,Epic Systems,Software Engineering Intern,software-engineering,,unverified,onsite,"Verona, WI",USA,—,unknown,false,,,https://careers.epic.com/,,,,summer,2027
fidelity-software-engineering-intern-2027,Fidelity,Software Engineering Intern,software-engineering,,unverified,onsite,"Boston, MA",USA,—,unknown,false,,,https://jobs.fidelity.com/,,,,summer,2027
figma-software-engineering-intern-2027,Figma,Software Engineering Intern,software-engineering,,unverified,onsite,"San Francisco, CA",USA,—,unknown,false,,,https://www.figma.com/careers/,,,,summer,2027
flow-traders-quantitative-trading-research-intern-2027,Flow Traders,Quantitative Trading / Research Intern,quant,,unverified,onsite,"New York, NY",USA,—,unknown,false,,,https://www.flowtraders.com/careers,,,,summer,2027
goldman-sachs-summer-analyst-engineering-2027,Goldman Sachs,Summer Analyst (Engineering),finance,,unverified,onsite,"New York, NY",USA,—,unknown,false,,,https://www.goldmansachs.com/careers/students,,,,summer,2027
google-software-engineering-intern-2027,Google,Software Engineering Intern,software-engineering,generalist,unverified,onsite,"Mountain View, CA +1",USA,—,yes,false,,,https://www.google.com/about/careers/applications/jobs/results/?q=software%20engineering%20intern,2028;2029,sophomore;junior;senior,Python;C++;Java;Go,summer,2027
google-step-intern-2027,Google,STEP Intern (First & Second Year),software-engineering,early-career,unverified,onsite,"Mountain View, CA",USA,—,yes,false,,,https://www.google.com/about/careers/applications/jobs/results/?q=step%20intern,2029;2030,freshman;sophomore,Python;Java;C++,summer,2027
hudson-river-trading-quantitative-trading-research-intern-2027,Hudson River Trading,Quantitative Trading / Research Intern,quant,,unverified,onsite,"New York, NY",USA,—,unknown,false,,,https://www.hudsonrivertrading.com/careers/,,,,summer,2027
ibm-software-engineering-intern-2027,IBM,Software Engineering Intern,software-engineering,,unverified,onsite,"Armonk, NY",USA,—,unknown,false,,,https://www.ibm.com/careers,,,,summer,2027
imc-trading-quantitative-trading-research-intern-2027,IMC Trading,Quantitative Trading / Research Intern,quant,,unverified,onsite,"Chicago, IL",USA,—,unknown,false,,,https://careers.imc.com/,,,,summer,2027
intel-hardware-engineering-intern-2027,Intel,Hardware Engineering Intern,hardware,,unverified,onsite,"Santa Clara, CA",USA,—,unknown,false,,,https://jobs.intel.com/en/students,,,,summer,2027
intuit-software-engineering-intern-2027,Intuit,Software Engineering Intern,software-engineering,,unverified,onsite,"Mountain View, CA",USA,—,unknown,false,,,https://www.intuit.com/careers/,,,,summer,2027
j-p-morgan-software-engineer-program-summer-analyst-2027,J.P. Morgan,Software Engineer Program Summer Analyst,finance,,unverified,onsite,"New York, NY",USA,—,unknown,false,,,https://careers.jpmorgan.com/us/en/students,,,,summer,2027
jane-street-quantitative-trading-intern-2027,Jane Street,Quantitative Trading Intern,quant,trading,unverified,onsite,"New York, NY",USA,$100–125/hr,yes,false,,,https://www.janestreet.com/join-jane-street/open-roles/,,sophomore;junior;senior;masters;phd,Python;OCaml,summer,2027
johnson-johnson-data-science-intern-2027,Johnson & Johnson,Data Science Intern,data-science,,unverified,onsite,"New Brunswick, NJ",USA,—,unknown,false,,,https://www.careers.jnj.com/,,,,summer,2027
jump-trading-quantitative-trading-research-intern-2027,Jump Trading,Quantitative Trading / Research Intern,quant,,unverified,onsite,"Chicago, IL",USA,—,unknown,false,,,https://www.jumptrading.com/careers/,,,,summer,2027
l3harris-embedded-software-intern-2027,L3Harris,Embedded Software Intern,embedded,,unverified,onsite,"Melbourne, FL",USA,—,unknown,false,,,https://careers.l3harris.com/,,,,summer,2027
linkedin-software-engineering-intern-2027,LinkedIn,Software Engineering Intern,software-engineering,,unverified,onsite,"Sunnyvale, CA",USA,—,unknown,false,,,https://careers.linkedin.com/,,,,summer,2027
lockheed-martin-embedded-software-intern-2027,Lockheed Martin,Embedded Software Intern,embedded,avionics,unverified,onsite,"Fort Worth, TX",USA,—,no,true,,,https://www.lockheedmartinjobs.com/students-early-careers,,sophomore;junior;senior,C;C++,summer,2027
lyft-software-engineering-intern-2027,Lyft,Software Engineering Intern,software-engineering,,unverified,onsite,"San Francisco, CA",USA,—,unknown,false,,,https://www.lyft.com/careers,,,,summer,2027
mastercard-software-engineering-intern-2027,Mastercard,Software Engineering Intern,software-engineering,,unverified,onsite,"Purchase, NY",USA,—,unknown,false,,,https://careers.mastercard.com/,,,,summer,2027
mckinsey-company-summer-business-analyst-2027,McKinsey & Company,Summer Business Analyst,consulting,,unverified,onsite,"New York, NY",USA,—,unknown,false,,,https://www.mckinsey.com/careers,,,,summer,2027
meta-software-engineering-intern-2027,Meta,Software Engineering Intern,software-engineering,,unverified,onsite,"Menlo Park, CA",USA,—,unknown,false,,,https://www.metacareers.com/jobs,,,,summer,2027
micron-hardware-engineering-intern-2027,Micron,Hardware Engineering Intern,hardware,,unverified,onsite,"Boise, ID",USA,—,unknown,false,,,https://careers.micron.com/,,,,summer,2027
microsoft-explore-intern-2027,Microsoft,Explore Intern (First & Second Year),software-engineering,early-career,unverified,onsite,"Redmond, WA",USA,—,yes,false,,,https://careers.microsoft.com/v2/global/en/students,2029;2030,freshman;sophomore,Python;C#;Java,summer,2027
millennium-quantitative-trading-research-intern-2027,Millennium,Quantitative Trading / Research Intern,quant,,unverified,onsite,"New York, NY",USA,—,unknown,false,,,https://www.mlp.com/careers/,,,,summer,2027
mitre-research-intern-2027,MITRE,Research Intern,research,,unverified,onsite,"McLean, VA",USA,—,unknown,false,,,https://careers.mitre.org/,,,,summer,2027
mongodb-software-engineering-intern-2027,MongoDB,Software Engineering Intern,software-engineering,,unverified,onsite,"New York, NY",USA,—,unknown,false,,,https://www.mongodb.com/company/careers,,,,summer,2027
morgan-stanley-technology-summer-analyst-2027,Morgan Stanley,Technology Summer Analyst,finance,,unverified,onsite,"New York, NY",USA,—,unknown,false,,,https://www.morganstanley.com/careers/students-graduates,,,,summer,2027
nasa-nasa-internship-program-2027,NASA,NASA Internship Program,research,,unverified,onsite,"Washington, DC",USA,—,unknown,false,,,https://intern.nasa.gov/,,,,summer,2027
netflix-software-engineering-intern-2027,Netflix,Software Engineering Intern,software-engineering,,unverified,onsite,"Los Gatos, CA",USA,—,unknown,false,,,https://jobs.netflix.com/,,,,summer,2027
northrop-grumman-embedded-software-intern-2027,Northrop Grumman,Embedded Software Intern,embedded,,unverified,onsite,"Falls Church, VA",USA,—,unknown,false,,,https://www.northropgrumman.com/careers/,,,,summer,2027
notion-software-engineering-intern-2027,Notion,Software Engineering Intern,software-engineering,,unverified,onsite,"San Francisco, CA",USA,—,unknown,false,,,https://www.notion.so/careers,,,,summer,2027
nvidia-machine-learning-intern-2027,NVIDIA,Machine Learning Intern,machine-learning,deep-learning,unverified,hybrid,"Santa Clara, CA",USA,—,yes,false,,,https://www.nvidia.com/en-us/about-nvidia/careers/university-recruiting/,,junior;senior;masters;phd,Python;C++;CUDA,summer,2027
openai-research-intern-2027,OpenAI,Research Intern,research,ml-research,unverified,onsite,"San Francisco, CA",USA,—,yes,false,,,https://openai.com/careers/,,phd,Python,summer,2027
optiver-quantitative-trading-research-intern-2027,Optiver,Quantitative Trading / Research Intern,quant,,unverified,onsite,"Chicago, IL",USA,—,unknown,false,,,https://optiver.com/working-at-optiver/,,,,summer,2027
oracle-software-engineering-intern-2027,Oracle,Software Engineering Intern,software-engineering,,unverified,onsite,"Austin, TX",USA,—,unknown,false,,,https://www.oracle.com/careers/students-grads/,,,,summer,2027
palantir-software-engineering-intern-2027,Palantir,Software Engineering Intern,software-engineering,,unverified,onsite,"Denver, CO",USA,—,unknown,false,,,https://www.palantir.com/careers/,,,,summer,2027
paypal-software-engineering-intern-2027,PayPal,Software Engineering Intern,software-engineering,,unverified,onsite,"San Jose, CA",USA,—,unknown,false,,,https://careers.pypl.com/,,,,summer,2027
pinterest-software-engineering-intern-2027,Pinterest,Software Engineering Intern,software-engineering,,unverified,onsite,"San Francisco, CA",USA,—,unknown,false,,,https://www.pinterestcareers.com/,,,,summer,2027
plaid-software-engineering-intern-2027,Plaid,Software Engineering Intern,software-engineering,,unverified,onsite,"San Francisco, CA",USA,—,unknown,false,,,https://plaid.com/careers/,,,,summer,2027
point72-quantitative-trading-research-intern-2027,Point72,Quantitative Trading / Research Intern,quant,,unverified,onsite,"Stamford, CT",USA,—,unknown,false,,,https://careers.point72.com/,,,,summer,2027
qualcomm-hardware-engineering-intern-2027,Qualcomm,Hardware Engineering Intern,hardware,,unverified,onsite,"San Diego, CA",USA,—,unknown,false,,,https://www.qualcomm.com/company/careers/students,,,,summer,2027
ramp-software-engineering-intern-2027,Ramp,Software Engineering Intern,software-engineering,,unverified,onsite,"New York, NY",USA,—,unknown,false,,,https://ramp.com/careers,,,,summer,2027
rivian-embedded-software-intern-2027,Rivian,Embedded Software Intern,embedded,,unverified,onsite,"Irvine, CA",USA,—,unknown,false,,,https://rivian.com/careers,,,,summer,2027
robinhood-software-engineering-intern-2027,Robinhood,Software Engineering Intern,software-engineering,,unverified,onsite,"Menlo Park, CA",USA,—,unknown,false,,,https://careers.robinhood.com/,,,,summer,2027
roblox-software-engineering-intern-2027,Roblox,Software Engineering Intern,software-engineering,,unverified,onsite,"San Mateo, CA",USA,—,unknown,false,,,https://careers.roblox.com/,,,,summer,2027
rtx-raytheon-embedded-software-intern-2027,RTX (Raytheon),Embedded Software Intern,embedded,,unverified,onsite,"Arlington, VA",USA,—,unknown,false,,,https://careers.rtx.com/,,,,summer,2027
salesforce-software-engineering-intern-2027,Salesforce,Software Engineering Intern,software-engineering,,unverified,onsite,"San Francisco, CA",USA,—,unknown,false,,,https://careers.salesforce.com/,,,,summer,2027
sandia-national-laboratories-research-intern-2027,Sandia National Laboratories,Research Intern,research,,unverified,onsite,"Albuquerque, NM",USA,—,unknown,false,,,https://www.sandia.gov/careers/,,,,summer,2027
sap-software-engineering-intern-2027,SAP,Software Engineering Intern,software-engineering,,unverified,onsite,"Newtown Square, PA",USA,—,unknown,false,,,https://jobs.sap.com/,,,,summer,2027
scale-ai-machine-learning-intern-2027,Scale AI,Machine Learning Intern,machine-learning,,unverified,onsite,"San Francisco, CA",USA,—,unknown,false,,,https://scale.com/careers,,,,summer,2027
servicenow-software-engineering-intern-2027,ServiceNow,Software Engineering Intern,software-engineering,,unverified,onsite,"Santa Clara, CA",USA,—,unknown,false,,,https://careers.servicenow.com/,,,,summer,2027
shopify-software-engineering-intern-2027,Shopify,Software Engineering Intern,software-engineering,,unverified,onsite,"Ottawa, ON",Canada,—,unknown,false,,,https://www.shopify.com/careers,,,,summer,2027
sig-susquehanna-quantitative-trading-research-intern-2027,SIG (Susquehanna),Quantitative Trading / Research Intern,quant,,unverified,onsite,"Bala Cynwyd, PA",USA,—,unknown,false,,,https://careers.sig.com/,,,,summer,2027
snap-software-engineering-intern-2027,Snap,Software Engineering Intern,software-engineering,,unverified,onsite,"Santa Monica, CA",USA,—,unknown,false,,,https://careers.snap.com/,,,,summer,2027
snowflake-data-engineering-intern-2027,Snowflake,Data Engineering Intern,data-engineering,,unverified,onsite,"Bozeman, MT",USA,—,unknown,false,,,https://careers.snowflake.com/,,,,summer,2027
spacex-embedded-software-intern-2027,SpaceX,Embedded Software Intern,embedded,,unverified,onsite,"Hawthorne, CA",USA,—,unknown,false,,,https://www.spacex.com/careers/,,,,summer,2027
stripe-software-engineering-intern-2027,Stripe,Software Engineering Intern,software-engineering,backend,unverified,hybrid,"South San Francisco, CA +1",USA,—,yes,false,,,https://stripe.com/jobs/university,,sophomore;junior;senior,Ruby;Java;Go;Python,summer,2027
tesla-embedded-software-intern-2027,Tesla,Embedded Software Intern,embedded,,unverified,onsite,"Austin, TX",USA,—,unknown,false,,,https://www.tesla.com/careers,,,,summer,2027
texas-instruments-hardware-engineering-intern-2027,Texas Instruments,Hardware Engineering Intern,hardware,,unverified,onsite,"Dallas, TX",USA,—,unknown,false,,,https://careers.ti.com/,,,,summer,2027
tiktok-software-engineering-intern-2027,TikTok,Software Engineering Intern,software-engineering,,unverified,onsite,"San Jose, CA",USA,—,unknown,false,,,https://careers.tiktok.com/,,,,summer,2027
tower-research-capital-quantitative-trading-research-intern-2027,Tower Research Capital,Quantitative Trading / Research Intern,quant,,unverified,onsite,"New York, NY",USA,—,unknown,false,,,https://www.tower-research.com/,,,,summer,2027
twilio-software-engineering-intern-2027,Twilio,Software Engineering Intern,software-engineering,,unverified,onsite,"San Francisco, CA",USA,—,unknown,false,,,https://www.twilio.com/en-us/company/jobs,,,,summer,2027
two-sigma-quantitative-trading-research-intern-2027,Two Sigma,Quantitative Trading / Research Intern,quant,,unverified,onsite,"New York, NY",USA,—,unknown,false,,,https://careers.twosigma.com/,,,,summer,2027
uber-software-engineering-intern-2027,Uber,Software Engineering Intern,software-engineering,,unverified,onsite,"San Francisco, CA",USA,—,unknown,false,,,https://www.uber.com/us/en/careers/teams/university/,,,,summer,2027
unitedhealth-group-optum-software-engineering-intern-2027,UnitedHealth Group / Optum,Software Engineering Intern,software-engineering,,unverified,onsite,"Minnetonka, MN",USA,—,unknown,false,,,https://careers.unitedhealthgroup.com/,,,,summer,2027
vanguard-software-engineering-intern-2027,Vanguard,Software Engineering Intern,software-engineering,,unverified,onsite,"Malvern, PA",USA,—,unknown,false,,,https://www.vanguardjobs.com/,,,,summer,2027
virtu-financial-quantitative-trading-research-intern-2027,Virtu Financial,Quantitative Trading / Research Intern,quant,,unverified,onsite,"New York, NY",USA,—,unknown,false,,,https://www.virtu.com/careers/,,,,summer,2027
waymo-machine-learning-intern-2027,Waymo,Machine Learning Intern,machine-learning,,unverified,onsite,"Mountain View, CA",USA,—,unknown,false,,,https://waymo.com/careers/,,,,summer,2027
